{"cameraMode":{"drawMode":0,"name":"Shaded","section":"Shading Mode"},"sceneLighting":true,"audioPlay":false,"sceneViewState":{"m_AlwaysRefresh":false,"showFog":true,"showSkybox":true,"showFlares":true,"showImageEffects":true,"showParticleSystems":true,"showVisualEffectGraphs":true,"m_FxEnabled":true},"in2DMode":false,"pivot":{"x":3.2124996185302736,"y":0.07265210151672363,"z":-6.896787166595459},"rotation":{"x":-0.022312363609671594,"y":0.9272757768630981,"z":-0.05599052831530571,"w":-0.3695027530193329},"size":6.521173000335693,"orthographic":false}